{
  "model_name": "final_optimized_7genres-v2.0",
  "architecture": "hybrid",
  "training_samples": 10500,
  "num_classes": 7,
  "classes": [
    "Alternative",
    "Dance_EDM",
    "Electronic",
    "Hip-Hop_Rap",
    "Jazz",
    "R&B_Soul",
    "Reggae"
  ],
  "num_epochs_trained": 8,
  "training_time": 1432.4676520824432,
  "avg_epoch_time": 179.0584565103054,
  "best_val_loss": 0.45389932731853466,
  "final_train_acc": 86.6547619047619,
  "final_val_acc": 84.95238095238095,
  "train_losses": [
    1.6651427768525624,
    1.2449058351062594,
    0.9678534927822294,
    0.7706799757480621,
    0.6403336541141782,
    0.5047965915004412,
    0.4269560862013272,
    0.38185777105036234
  ],
  "val_losses": [
    1.9204513917857704,
    1.1703756760961657,
    1.0679681154371667,
    0.7418474758135956,
    0.656383079466031,
    0.503470253482631,
    0.4598463245175297,
    0.45389932731853466
  ],
  "train_accuracies": [
    33.26190476190476,
    53.61904761904762,
    65.46428571428571,
    73.17857142857143,
    78.3452380952381,
    82.79761904761905,
    85.26190476190476,
    86.6547619047619
  ],
  "val_accuracies": [
    27.238095238095237,
    55.857142857142854,
    62.666666666666664,
    74.23809523809524,
    76.61904761904762,
    82.28571428571429,
    85.38095238095238,
    84.95238095238095
  ],
  "device": "cuda"
}