{
  "training_summary": {
    "total_genres": 7,
    "successful_training": 7,
    "failed_training": 0,
    "start_time": 1758966312.572507,
    "total_time": 9527.198571920395,
    "end_time": 1758975839.7710803
  },
  "specialist_results": {
    "Alternative": {
      "specialist_info": {
        "target_genre": "Alternative",
        "model_name": "subgenre-specialist-alternative-v1.0",
        "architecture": "hybrid",
        "model_path": "models\\subgenre_specialists_v2\\Alternative\\subgenre-specialist-alternative-v1.0.pth",
        "subgenre_classes": [
          "Alternative Rock",
          "Grunge",
          "Hard Rock",
          "Indie Rock",
          "New Wave",
          "Progressive Rock",
          "Punk",
          "Shoegaze"
        ],
        "num_subgenres": 8
      },
      "training_results": {
        "model_name": "subgenre-specialist-alternative-v1.0",
        "architecture": "hybrid",
        "training_samples": 8000,
        "num_classes": 8,
        "classes": [
          "Alternative Rock",
          "Grunge",
          "Hard Rock",
          "Indie Rock",
          "New Wave",
          "Progressive Rock",
          "Punk",
          "Shoegaze"
        ],
        "num_epochs_trained": 8,
        "training_time": 1277.0833730697632,
        "avg_epoch_time": 159.6354216337204,
        "best_val_loss": 0.26691339913522827,
        "final_train_acc": 91.859375,
        "final_val_acc": 90.8125,
        "train_losses": [
          1.909843978881836,
          1.5464566659927368,
          1.2320548170804977,
          0.9377521707862616,
          0.6933050333335996,
          0.46000551618635654,
          0.31592973647639155,
          0.24622699601575732
        ],
        "val_losses": [
          1.8569634982943535,
          1.4763355067372321,
          2.263946593105793,
          1.2958531488478184,
          0.6485960593819619,
          0.4650732941320166,
          0.2731953434366733,
          0.26691339913522827
        ],
        "train_accuracies": [
          23.671875,
          43.0,
          56.28125,
          66.6875,
          76.3125,
          84.359375,
          89.6875,
          91.859375
        ],
        "val_accuracies": [
          32.75,
          46.375,
          40.875,
          54.75,
          74.6875,
          85.3125,
          90.9375,
          90.8125
        ],
        "device": "cuda"
      },
      "timing": {
        "preprocessing_time": 69.52373003959656,
        "training_time": 1280.8192117214203,
        "total_time": 1350.3495380878448
      },
      "dataset_info": {
        "total_samples": 8000,
        "target_samples_per_subgenre": 1000,
        "segment_duration": 90.0,
        "use_preprocessing": true
      }
    },
    "Dance_EDM": {
      "specialist_info": {
        "target_genre": "Dance_EDM",
        "model_name": "subgenre-specialist-dance_edm-v1.0",
        "architecture": "hybrid",
        "model_path": "models\\subgenre_specialists_v2\\Dance_EDM\\subgenre-specialist-dance_edm-v1.0.pth",
        "subgenre_classes": [
          "Acid House",
          "Acid Trance",
          "Balearic Trance",
          "Breakbeat",
          "Chicago House",
          "Drum'n'bass",
          "Dubstep",
          "French House",
          "Garage",
          "Grime",
          "Hard Dance",
          "Hi-NRG_Eurodance",
          "House",
          "Jackin House",
          "Progressive House",
          "Progressive Trance",
          "Tech House",
          "Techno",
          "Trance"
        ],
        "num_subgenres": 19
      },
      "training_results": {
        "model_name": "subgenre-specialist-dance_edm-v1.0",
        "architecture": "hybrid",
        "training_samples": 19000,
        "num_classes": 19,
        "classes": [
          "Acid House",
          "Acid Trance",
          "Balearic Trance",
          "Breakbeat",
          "Chicago House",
          "Drum'n'bass",
          "Dubstep",
          "French House",
          "Garage",
          "Grime",
          "Hard Dance",
          "Hi-NRG_Eurodance",
          "House",
          "Jackin House",
          "Progressive House",
          "Progressive Trance",
          "Tech House",
          "Techno",
          "Trance"
        ],
        "num_epochs_trained": 8,
        "training_time": 2553.622680902481,
        "avg_epoch_time": 319.20283511281013,
        "best_val_loss": 0.07125682850981033,
        "final_train_acc": 97.59868421052632,
        "final_val_acc": 98.07894736842105,
        "train_losses": [
          2.475575270401804,
          1.5189118045568466,
          1.0130267466526282,
          0.6540781008648245,
          0.3942832338888394,
          0.21739603292000922,
          0.12467071279883385,
          0.08552838454121038
        ],
        "val_losses": [
          1.8102153033959238,
          1.0536891275487448,
          0.9813663784140034,
          0.41133494500266876,
          0.3778479449473027,
          0.15650748172554335,
          0.08321043229392289,
          0.07125682850981033
        ],
        "train_accuracies": [
          20.888157894736842,
          49.94736842105263,
          66.25,
          78.41447368421052,
          87.35526315789474,
          93.32236842105263,
          96.3092105263158,
          97.59868421052632
        ],
        "val_accuracies": [
          40.44736842105263,
          63.60526315789474,
          69.97368421052632,
          86.60526315789474,
          87.89473684210526,
          95.1842105263158,
          97.57894736842105,
          98.07894736842105
        ],
        "device": "cuda"
      },
      "timing": {
        "preprocessing_time": 160.352787733078,
        "training_time": 2557.298070669174,
        "total_time": 2717.652046918869
      },
      "dataset_info": {
        "total_samples": 19000,
        "target_samples_per_subgenre": 1000,
        "segment_duration": 90.0,
        "use_preprocessing": true
      }
    },
    "Electronic": {
      "specialist_info": {
        "target_genre": "Electronic",
        "model_name": "subgenre-specialist-electronic-v1.0",
        "architecture": "hybrid",
        "model_path": "models\\subgenre_specialists_v2\\Electronic\\subgenre-specialist-electronic-v1.0.pth",
        "subgenre_classes": [
          "2-Step",
          "Ambient",
          "Balearic",
          "Downtempo",
          "Electro",
          "Electronica",
          "Experimental",
          "New Age"
        ],
        "num_subgenres": 8
      },
      "training_results": {
        "model_name": "subgenre-specialist-electronic-v1.0",
        "architecture": "hybrid",
        "training_samples": 8000,
        "num_classes": 8,
        "classes": [
          "2-Step",
          "Ambient",
          "Balearic",
          "Downtempo",
          "Electro",
          "Electronica",
          "Experimental",
          "New Age"
        ],
        "num_epochs_trained": 8,
        "training_time": 1081.5365090370178,
        "avg_epoch_time": 135.19206362962723,
        "best_val_loss": 0.0959676316761761,
        "final_train_acc": 97.515625,
        "final_val_acc": 96.4375,
        "train_losses": [
          1.7655237579345704,
          1.2608442801237105,
          0.8738264428079128,
          0.5410723210312426,
          0.32225757516920567,
          0.18539457025006414,
          0.10922404799610376,
          0.08764636730775237
        ],
        "val_losses": [
          1.4954982137680053,
          1.0656028207391501,
          0.6638783980160952,
          0.36609147797338665,
          0.3035489943111315,
          0.15929247682914138,
          0.10230949836957734,
          0.0959676316761761
        ],
        "train_accuracies": [
          32.453125,
          54.328125,
          69.125,
          81.875,
          89.65625,
          93.9375,
          96.890625,
          97.515625
        ],