{
  "model_name": "final_optimized_7genres-v1.0",
  "architecture": "hybrid",
  "training_samples": 10500,
  "num_classes": 7,
  "classes": [
    "Alternative",
    "Dance_EDM",
    "Electronic",
    "Hip-Hop_Rap",
    "Jazz",
    "R&B_Soul",
    "Reggae"
  ],
  "num_epochs_trained": 8,
  "training_time": 1406.8683757781982,
  "avg_epoch_time": 175.85854697227478,
  "best_val_loss": 0.5236517277478945,
  "final_train_acc": 85.14285714285714,
  "final_val_acc": 82.38095238095238,
  "train_losses": [
    1.673918678646996,
    1.2755842058999198,
    1.0185823472340902,
    0.8126187704290663,
    0.6740172897066389,
    0.5562593605830556,
    0.4684003754314922,
    0.42347311689740136
  ],
  "val_losses": [
    1.9003970335191647,
    1.0595155444435294,
    1.158992174517066,
    0.7900679531602806,
    0.6816087884424757,
    0.5807129580513379,
    0.5466376818971489,
    0.5236517277478945
  ],
  "train_accuracies": [
    33.45238095238095,
    51.51190476190476,
    62.845238095238095,
    71.26190476190476,
    76.11904761904762,
    80.26190476190476,
    84.05952380952381,
    85.14285714285714
  ],
  "val_accuracies": [
    26.285714285714285,
    59.76190476190476,
    57.19047619047619,
    70.42857142857143,
    75.47619047619048,
    80.14285714285714,
    81.61904761904762,
    82.38095238095238
  ],
  "device": "cuda"
}