{
  "specialist_info": {
    "target_genre": "Reggae",
    "model_name": "subgenre-specialist-reggae-v1.0",
    "architecture": "hybrid",
    "model_path": "models\\subgenre_specialists_v2\\Reggae\\subgenre-specialist-reggae-v1.0.pth",
    "subgenre_classes": [
      "Dancehall",
      "Dub",
      "Roots Reggae",
      "Ska"
    ],
    "num_subgenres": 4
  },
  "training_results": {
    "model_name": "subgenre-specialist-reggae-v1.0",
    "architecture": "hybrid",
    "training_samples": 4000,
    "num_classes": 4,
    "classes": [
      "Dancehall",
      "Dub",
      "Roots Reggae",
      "Ska"
    ],
    "num_epochs_trained": 8,
    "training_time": 620.6089732646942,
    "avg_epoch_time": 77.57612165808678,
    "best_val_loss": 0.0009154061553999782,
    "final_train_acc": 99.9375,
    "final_val_acc": 100.0,
    "train_losses": [
      0.851774913072586,
      0.3936575213074684,
      0.17605803828686475,
      0.0911440659314394,
      0.06024623941630125,
      0.02363563537597656,
      0.00758190181106329,
      0.005104366317391395
    ],
    "val_losses": [
      1.8956546184420586,
      0.3026829386781901,
      0.08876064505660906,
      0.041685131401754914,
      0.007901789793395437,
      0.006224926284194226,
      0.0029476395147503354,
      0.0009154061553999782
    ],
    "train_accuracies": [
      65.65625,
      86.34375,
      93.96875,
      97.09375,
      98.34375,
      99.4375,
      99.90625,
      99.9375
    ],
    "val_accuracies": [
      43.25,
      89.375,
      97.0,
      98.875,
      99.875,
      99.625,
      100.0,
      100.0
    ],
    "device": "cuda"
  },
  "timing": {
    "preprocessing_time": 28.175322771072388,
    "training_time": 624.2618374824524,
    "total_time": 652.4382948875427
  },
  "dataset_info": {
    "total_samples": 4000,
    "target_samples_per_subgenre": 1000,
    "segment_duration": 90.0,
    "use_preprocessing": true
  }
}