{
  "model_name": "music-v1.0",
  "training_mode": "both",
  "training_samples": 1518,
  "n_features": 58,
  "use_gpu": true,
  "max_workers": 16,
  "genre_training_samples": 1214,
  "genre_test_samples": 304,
  "genre_n_classes": 5,
  "genre_classes": [
    "Alternative",
    "Country",
    "Dance_EDM",
    "Electronic",
    "French Pop"
  ],
  "genre_train_accuracy": 0.957166392092257,
  "genre_test_accuracy": 0.7631578947368421,
  "genre_cv_mean": 0.7075808590960107,
  "genre_cv_std": 0.01065015852228278,
  "genre_classification_report": {
    "Alternative": {
      "precision": 0.7974683544303798,
      "recall": 0.8289473684210527,
      "f1-score": 0.8129032258064516,
      "support": 76.0
    },
    "Country": {
      "precision": 0.6585365853658537,
      "recall": 0.9,
      "f1-score": 0.7605633802816901,
      "support": 30.0
    },
    "Dance_EDM": {
      "precision": 0.8079470198675497,
      "recall": 0.8591549295774648,
      "f1-score": 0.8327645051194539,
      "support": 142.0
    },
    "Electronic": {
      "precision": 0.6060606060606061,
      "recall": 0.37735849056603776,
      "f1-score": 0.46511627906976744,
      "support": 53.0
    },
    "French Pop": {
      "precision": 0.0,
      "recall": 0.0,
      "f1-score": 0.0,
      "support": 3.0
    },
    "accuracy": 0.7631578947368421,
    "macro avg": {
      "precision": 0.5740025131448778,
      "recall": 0.593092157712911,
      "f1-score": 0.5742694780554726,
      "support": 304.0
    },
    "weighted avg": {
      "precision": 0.7474124389476601,
      "recall": 0.7631578947368421,
      "f1-score": 0.7483594377875038,
      "support": 304.0
    }
  },
  "genre_confusion_matrix": [
    [
      63,
      10,
      2,
      1,
      0
    ],
    [
      1,
      27,
      0,
      2,
      0
    ],
    [
      11,
      1,
      122,
      8,
      0
    ],
    [
      4,
      3,
      26,
      20,
      0
    ],
    [
      0,
      0,
      1,
      2,
      0
    ]
  ],
  "genre_feature_importance": [
    0.17797444462575346,
    0.06065592576594692,
    0.06136038697353978,
    0.0804395926354691,
    0.05000366998774975,
    0.06783614946185883,
    0.07762500646275179,
    0.06621273106444636,
    0.0830401786400794,
    0.049667773260171647,
    0.047643756789613606,
    0.028898673563195115,
    0.036286793728541065,
    0.06812193255431934,
    0.04423298448656376
  ],
  "genre_best_params": {
    "n_estimators": 150,
    "max_depth": 20,
    "min_samples_split": 8,
    "min_samples_leaf": 2,
    "min_weight_fraction_leaf": 0.0,
    "max_features": 0.7,
    "random_state": 42,
    "n_jobs": 16,
    "bootstrap": true,
    "oob_score": true,
    "class_weight": "balanced"
  },
  "genre_hyperparameter_optimization": true,
  "subgenre_training_samples": 1214,
  "subgenre_test_samples": 304,
  "subgenre_n_classes": 33,
  "subgenre_classes": [
    "2-Step",
    "Acid House",
    "Alternative Rock",
    "Ambient",
    "Americana",
    "Balearic",
    "Balearic Trance",
    "Bluegrass",
    "Breakbeat",
    "Chicago House",
    "Downtempo",
    "Dubstep",
    "Electro",
    "Electronica",
    "French House",
    "Garage",
    "Grunge",
    "Hard Dance",
    "Hard Rock",
    "Hi-NRG_Eurodance",
    "House",
    "Indie Rock",
    "Jackin House",
    "New Wave",
    "Progressive House",
    "Progressive Rock",
    "Progressive Trance",
    "Punk",
    "Shoegaze",
    "Tech House",
    "Techno",
    "Traditional Country",
    "Trance"
  ],
  "subgenre_train_accuracy": 0.9349258649093904,
  "subgenre_test_accuracy": 0.4407894736842105,
  "subgenre_cv_mean": 0.39949665000170054,
  "subgenre_cv_std": 0.01101007616932166,
  "subgenre_classification_report": {
    "2-Step": {
      "precision": 0.4,
      "recall": 0.6,
      "f1-score": 0.48,
      "support": 10.0
    },
    "Acid House": {
      "precision": 0.625,
      "recall": 0.5,
      "f1-score": 0.5555555555555556,
      "support": 10.0
    },
    "Alternative Rock": {
      "precision": 0.4,
      "recall": 0.2,
      "f1-score": 0.26666666666666666,
      "support": 10.0
    },
    "Ambient": {
      "precision": 0.3888888888888889,
      "recall": 0.875,
      "f1-score": 0.5384615384615384,
      "support": 8.0
    },
    "Americana": {
      "precision": 0.4444444444444444,
      "recall": 0.4,
      "f1-score": 0.42105263157894735,
      "support": 10.0
    },
    "Balearic": {
      "precision": 0.42857142857142855,
      "recall": 0.3,
      "f1-score": 0.35294117647058826,
      "support": 10.0
    },
    "Balearic Trance": {
      "precision": 0.5555555555555556,
      "recall": 0.5555555555555556,
      "f1-score": 0.5555555555555556,
      "support": 9.0
    },
    "Bluegrass": {
      "precision": 0.5,
      "recall": 0.9,
      "f1-score": 0.6428571428571429,
      "support": 10.0
    },
    "Breakbeat": {
      "precision": 0.42857142857142855,
      "recall": 0.3333333333333333,
      "f1-score": 0.375,
      "support": 9.0
    },
    "Chicago House": {
      "precision": 0.0,
      "recall": 0.0,
      "f1-score": 0.0,
      "support": 4.0
    },
    "Downtempo": {
      "precision": 0.42857142857142855,
      "recall": 0.375,
      "f1-score": 0.4,
      "support": 8.0
    },
    "Dubstep": {
      "precision": 0.8571428571428571,
      "recall": 0.6,
      "f1-score": 0.7058823529411765,
      "support": 10.0
    },
    "Electro": {
      "precision": 0.2,
      "recall": 0.125,
      "f1-score": 0.15384615384615385,
      "support": 8.0
    },
    "Electronica": {
      "precision": 0.0,
      "recall": 0.0,
      "f1-score": 0.0,
      "support": 8.0
    },
    "French House": {
      "precision": 0.0,
      "recall": 0.0,
      "f1-score": 0.0,
      "support": 13.0
    },
    "Garage": {
      "precision": 0.2,
      "recall": 0.125,
      "f1-score": 0.15384615384615385,
      "support": 8.0
    },
    "Grunge": {
      "precision": 0.2222222222222222,
      "recall": 0.2,
      "f1-score": 0.21052631578947367,
      "support": 10.0
    },
    "Hard Dance": {
      "precision": 0.6666666666666666,
      "recall": 1.0,
      "f1-score": 0.8,
      "support": 10.0
    },
    "Hard Rock": {
      "precision": 0.4,
      "recall": 0.2,
      "f1-score": 0.26666666666666666,
      "support": 10.0
    },
    "Hi-NRG_Eurodance": {
      "precision": 0.3333333333333333,
      "recall": 0.4,
      "f1-score": 0.36363636363636365,
      "support": 10.0
    },
    "House": {
      "precision": 0.3333333333333333,
      "recall": 0.6,
      "f1-score": 0.42857142857142855,
      "support": 10.0
    },
    "Indie Rock": {
      "precision": 0.2222222222222222,
      "recall": 0.2,
      "f1-score": 0.21052631578947367,
      "support": 10.0
    },
    "Jackin House": {
      "precision": 0.8,
      "recall": 0.8,
      "f1-score": 0.8,
      "support": 10.0
    },
    "New Wave": {
      "precision": 0.25,
      "recall": 0.2222222222222222,
      "f1-score": 0.23529411764705882,
      "support": 9.0
    },
    "Progressive House": {
      "precision": 0.7692307692307693,
      "recall": 1.0,
      "f1-score": 0.8695652173913043,
      "support": 10.0
    },
    "Progressive Rock": {
      "precision": 0.5555555555555556,
      "recall": 0.7142857142857143,
      "f1-score": 0.625,
      "support": 7.0
    },
    "Progressive Trance": {
      "precision": 0.2857142857142857,
      "recall": 0.3333333333333333,
      "f1-score": 0.3076923076923077,
      "support": 6.0
    },
    "Punk": {
      "precision": 0.4,
      "recall": 0.6,
      "f1-score": 0.48,
      "support": 10.0
    },
    "Shoegaze": {
      "precision": 0.4166666666666667,
      "recall": 0.5,
      "f1-score": 0.45454545454545453,
      "support": 10.0
    },
    "Tech House": {
      "precision": 0.42857142857142855,
      "recall": 0.6,
      "f1-score": 0.5,
      "support": 10.0
    },
    "Techno": {
      "precision": 0.0,
      "recall": 0.0,
      "f1-score": 0.0,
      "support": 9.0
    },