{
  "specialist_info": {
    "target_genre": "R&B_Soul",
    "model_name": "subgenre-specialist-r&b_soul-v1.0",
    "architecture": "hybrid",
    "model_path": "models\\subgenre_specialists_v2\\R&B_Soul\\subgenre-specialist-r&b_soul-v1.0.pth",
    "subgenre_classes": [
      "Contemporary R&B",
      "Disco",
      "Funk",
      "Motown",
      "Neo-Soul",
      "Soul"
    ],
    "num_subgenres": 6
  },
  "training_results": {
    "model_name": "subgenre-specialist-r&b_soul-v1.0",
    "architecture": "hybrid",
    "training_samples": 6000,
    "num_classes": 6,
    "classes": [
      "Contemporary R&B",
      "Disco",
      "Funk",
      "Motown",
      "Neo-Soul",
      "Soul"
    ],
    "num_epochs_trained": 8,
    "training_time": 876.2957487106323,
    "avg_epoch_time": 109.53696858882904,
    "best_val_loss": 0.20186564605683088,
    "final_train_acc": 92.35416666666667,
    "final_val_acc": 92.83333333333333,
    "train_losses": [
      1.499211597442627,
      1.0966582242647807,
      0.8619443172216416,
      0.7076064883669217,
      0.5576223726570606,
      0.37740429252386093,
      0.28010944654544195,
      0.21511341022948424
    ],
    "val_losses": [
      1.3835602607329687,
      1.3259448444843291,
      0.7267391606171926,
      0.6369834272066752,
      0.41033471199373406,
      0.2852405884116888,
      0.23753498028963804,
      0.20186564605683088
    ],
    "train_accuracies": [
      36.916666666666664,
      53.541666666666664,
      64.0,
      70.52083333333333,
      77.75,
      86.1875,
      89.77083333333333,
      92.35416666666667
    ],
    "val_accuracies": [
      46.666666666666664,
      45.916666666666664,
      70.5,
      74.58333333333333,
      84.08333333333333,
      90.08333333333333,
      91.58333333333333,
      92.83333333333333
    ],
    "device": "cuda"
  },
  "timing": {
    "preprocessing_time": 78.49465298652649,
    "training_time": 880.0093598365784,
    "total_time": 958.5051794052124
  },
  "dataset_info": {
    "total_samples": 6000,
    "target_samples_per_subgenre": 1000,
    "segment_duration": 90.0,
    "use_preprocessing": true
  }
}