{
  "model_name": "personal-subgenres-v1.1",
  "training_samples": 299,
  "test_samples": 75,
  "n_features": 52,
  "n_classes": 5,
  "classes": [
    "electronic",
    "hiphop",
    "jazz",
    "reggae",
    "rock"
  ],
  "train_accuracy": 0.9966555183946488,
  "test_accuracy": 0.64,
  "cv_mean": 0.7592655367231639,
  "cv_std": 0.0338476080407293,
  "classification_report": {
    "electronic": {
      "precision": 0.5925925925925926,
      "recall": 0.6666666666666666,
      "f1-score": 0.6274509803921569,
      "support": 24.0
    },
    "hiphop": {
      "precision": 0.7857142857142857,
      "recall": 0.6875,
      "f1-score": 0.7333333333333333,
      "support": 16.0
    },
    "jazz": {
      "precision": 0.6842105263157895,
      "recall": 0.8666666666666667,
      "f1-score": 0.7647058823529411,
      "support": 15.0
    },
    "reggae": {
      "precision": 0.6666666666666666,
      "recall": 0.4,
      "f1-score": 0.5,
      "support": 10.0
    },
    "rock": {
      "precision": 0.4444444444444444,
      "recall": 0.4,
      "f1-score": 0.42105263157894735,
      "support": 10.0
    },
    "accuracy": 0.64,
    "macro avg": {
      "precision": 0.6347257031467557,
      "recall": 0.6041666666666666,
      "f1-score": 0.6093085655314757,
      "support": 75.0
    },
    "weighted avg": {
      "precision": 0.6422389306599832,
      "recall": 0.64,
      "f1-score": 0.6329769521843824,
      "support": 75.0
    }
  },
  "confusion_matrix": [
    [
      16,
      2,
      3,
      0,
      3
    ],
    [
      5,
      11,
      0,
      0,
      0
    ],
    [
      0,
      0,
      13,
      0,
      2
    ],
    [
      4,
      0,
      2,
      4,
      0
    ],
    [
      2,
      1,
      1,
      2,
      4
    ]
  ],
  "feature_importance": [
    0.012406150475140711,
    0.011058233319262454,
    0.02150966384287225,
    0.025900016786335803,
    0.010809551616065878,
    0.009609621343041398,
    0.015712889976996557,
    0.011595899124797898,
    0.008435923245895854,
    0.010689433520678972,
    0.0075253165631146614,
    0.008353919262848149,
    0.01202739201885349,
    0.01316061380020555,
    0.01617850670736322,
    0.01337347315280079,
    0.023576542983220195,
    0.04289804731976222,
    0.035119750108236494,
    0.02935259473356151,
    0.04362073762484522,
    0.031164414152789695,
    0.024158641071507798,
    0.03081417186908049,
    0.014091938742220573,
    0.011949240916686345,
    0.01094228368203791,
    0.013022144901362826,
    0.014550847771151591,
    0.016612448829247343,
    0.017803829802769663,
    0.04746300077001352,
    0.043244366509863054,
    0.053964244894874724,
    0.02706238434915707,
    0.015294684987883342,
    0.02072655256717079,
    0.019957619042149946,
    0.010134552392822094,
    0.011784405005900738,
    0.01820050325259369,
    0.011514410384422448,
    0.018371218094166683,
    0.00735172997130586,
    0.023063233022500886,
    0.015074132722112173,
    0.02111837194992762,
    0.029321822584022512,
    0.007991891782459374,
    0.01678732197553138,
    0.011183568482367597,
    0.0023657459940009413
  ],
  "best_params": {
    "n_estimators": 200,
    "max_depth": 10,
    "min_samples_split": 5,
    "min_samples_leaf": 1,
    "random_state": 42,
    "n_jobs": -1
  },
  "hyperparameter_optimization": true
}