{
  "model_name": "personal-subgenres-v1.0",
  "training_samples": 299,
  "test_samples": 75,
  "n_features": 7,
  "n_classes": 5,
  "classes": [
    "electronic",
    "hiphop",
    "jazz",
    "reggae",
    "rock"
  ],
  "train_accuracy": 0.9498327759197325,
  "test_accuracy": 0.36,
  "cv_mean": 0.43485875706214694,
  "cv_std": 0.030806558014905155,
  "classification_report": {
    "electronic": {
      "precision": 0.42857142857142855,
      "recall": 0.625,
      "f1-score": 0.5084745762711864,
      "support": 24.0
    },
    "hiphop": {
      "precision": 0.2857142857142857,
      "recall": 0.25,
      "f1-score": 0.26666666666666666,
      "support": 16.0
    },
    "jazz": {
      "precision": 0.25,
      "recall": 0.2,
      "f1-score": 0.2222222222222222,
      "support": 15.0
    },
    "reggae": {
      "precision": 0.2,
      "recall": 0.1,
      "f1-score": 0.13333333333333333,
      "support": 10.0
    },
    "rock": {
      "precision": 0.4444444444444444,
      "recall": 0.4,
      "f1-score": 0.42105263157894735,
      "support": 10.0
    },
    "accuracy": 0.36,
    "macro avg": {
      "precision": 0.3217460317460317,
      "recall": 0.31500000000000006,
      "f1-score": 0.3103498860144712,
      "support": 75.0
    },
    "weighted avg": {
      "precision": 0.33402116402116394,
      "recall": 0.36,
      "f1-score": 0.3379633263950837,
      "support": 75.0
    }
  },
  "confusion_matrix": [
    [
      15,
      6,
      2,
      0,
      1
    ],
    [
      5,
      4,
      5,
      2,
      0
    ],
    [
      8,
      1,
      3,
      1,
      2
    ],
    [
      4,
      1,
      2,
      1,
      2
    ],
    [
      3,
      2,
      0,
      1,
      4
    ]
  ],
  "feature_importance": [
    0.16589575338084553,
    0.15308712975152644,
    0.15896001959230438,
    0.1171482910558402,
    0.23845881745134703,
    0.13180397204018943,
    0.03464601672794703
  ],
  "best_params": {
    "n_estimators": 100,
    "max_depth": 20,
    "min_samples_split": 2,
    "min_samples_leaf": 2,
    "random_state": 42,
    "n_jobs": -1
  },
  "hyperparameter_optimization": true
}