{
  "model_name": "personal-genres-v1.0",
  "training_samples": 287,
  "test_samples": 72,
  "n_features": 53,
  "n_classes": 5,
  "classes": [
    "electronic",
    "hiphop",
    "jazz",
    "reggae",
    "rock"
  ],
  "train_accuracy": 1.0,
  "test_accuracy": 0.6388888888888888,
  "cv_mean": 0.7494252873563219,
  "cv_std": 0.041704832526389554,
  "classification_report": {
    "electronic": {
      "precision": 0.5172413793103449,
      "recall": 0.625,
      "f1-score": 0.5660377358490566,
      "support": 24.0
    },
    "hiphop": {
      "precision": 0.7857142857142857,
      "recall": 0.6875,
      "f1-score": 0.7333333333333333,
      "support": 16.0
    },
    "jazz": {
      "precision": 0.8333333333333334,
      "recall": 0.8333333333333334,
      "f1-score": 0.8333333333333334,
      "support": 12.0
    },
    "reggae": {
      "precision": 0.6,
      "recall": 0.3,
      "f1-score": 0.4,
      "support": 10.0
    },
    "rock": {
      "precision": 0.5833333333333334,
      "recall": 0.7,
      "f1-score": 0.6363636363636364,
      "support": 10.0
    },
    "accuracy": 0.6388888888888888,
    "macro avg": {
      "precision": 0.6639244663382595,
      "recall": 0.6291666666666667,
      "f1-score": 0.6338136077758719,
      "support": 72.0
    },
    "weighted avg": {
      "precision": 0.6502577084473636,
      "recall": 0.6388888888888888,
      "f1-score": 0.6344704910742647,
      "support": 72.0
    }
  },
  "confusion_matrix": [
    [
      15,
      3,
      2,
      0,
      4
    ],
    [
      5,
      11,
      0,
      0,
      0
    ],
    [
      1,
      0,
      10,
      1,
      0
    ],
    [
      6,
      0,
      0,
      3,
      1
    ],
    [
      2,
      0,
      0,
      1,
      7
    ]
  ],
  "feature_importance": [
    0.013549823292802975,
    0.013501205774551588,
    0.01904360687112386,
    0.02092090362221348,
    0.009091656210624586,
    0.010171543649867975,
    0.01428323354311989,
    0.010834069588603126,
    0.010070438894451547,
    0.01006195697089028,
    0.009846751571389617,
    0.0077526276353274606,
    0.011605052005341024,
    0.013813439479019527,
    0.011526010450143058,
    0.015275949558638176,
    0.03144949862279552,
    0.052941437848150696,
    0.031442869172775,
    0.034026185718444416,
    0.03452700774420877,
    0.036886228041473554,
    0.031227417977085628,
    0.02995227541824894,
    0.011977550983736299,
    0.014406725152934756,
    0.01221452741942707,
    0.012059997035991718,
    0.013768293388426688,
    0.017412820533449728,
    0.015785690258079105,
    0.03562836889102733,
    0.043608605927110314,
    0.05319167632359815,
    0.037823642663763785,
    0.015070469176866224,
    0.024261117639297607,
    0.018054398231887564,
    0.010020152573828647,
    0.013121012203499819,
    0.011249928753119354,
    0.009738215207518287,
    0.014535517408491131,
    0.009501233034515002,
    0.02276592148097982,
    0.012563079379799579,
    0.015810331384874404,
    0.032372718570044236,
    0.007005978056267703,
    0.017357396674783032,
    0.012379361225503042,
    0.0025140807598887827,
    0.0
  ],
  "best_params": {
    "n_estimators": 100,
    "max_depth": 10,
    "min_samples_split": 5,
    "min_samples_leaf": 1,
    "random_state": 42,
    "n_jobs": -1
  },
  "hyperparameter_optimization": true
}