{
  "training_summary": {
    "total_genres": 6,
    "successful_training": 6,
    "failed_training": 0,
    "start_time": 1758887322.6299794,
    "total_time": 4147.62096452713,
    "end_time": 1758891470.2509694
  },
  "specialist_results": {
    "Alternative": {
      "specialist_info": {
        "target_genre": "Alternative",
        "model_name": "subgenre-specialist-alternative-v1.0",
        "architecture": "hybrid",
        "model_path": "models\\dance_EDM\\Alternative\\subgenre-specialist-alternative-v1.0.pth",
        "subgenre_classes": [
          "Alternative Rock",
          "Grunge",
          "Hard Rock",
          "Indie Rock",
          "New Wave",
          "Progressive Rock",
          "Punk",
          "Shoegaze"
        ],
        "num_subgenres": 8
      },
      "training_results": {
        "model_name": "subgenre-specialist-alternative-v1.0",
        "architecture": "hybrid",
        "training_samples": 4000,
        "num_classes": 8,
        "classes": [
          "Alternative Rock",
          "Grunge",
          "Hard Rock",
          "Indie Rock",
          "New Wave",
          "Progressive Rock",
          "Punk",
          "Shoegaze"
        ],
        "num_epochs_trained": 8,
        "training_time": 648.907687664032,
        "avg_epoch_time": 81.113460958004,
        "best_val_loss": 0.8572894844412804,
        "final_train_acc": 71.84375,
        "final_val_acc": 67.375,
        "train_losses": [
          1.9860699462890625,
          1.8121710205078125,
          1.532356357574463,
          1.3554166412353517,
          1.1993092060089112,
          1.0127832287549972,
          0.8626853466033936,
          0.8010660183429718
        ],
        "val_losses": [
          1.8429335963726043,
          2.619984451532364,
          2.6307743155956267,
          1.3711757332086563,
          1.3916152179241181,
          0.9668936040997506,
          0.8634572510421276,
          0.8572894844412804
        ],
        "train_accuracies": [
          19.9375,
          28.34375,
          43.40625,
          50.28125,
          56.75,
          63.25,
          68.78125,
          71.84375
        ],
        "val_accuracies": [
          22.75,
          16.75,
          23.75,
          50.75,
          47.375,
          63.25,
          67.625,
          67.375
        ],
        "device": "cuda"
      },
      "timing": {
        "preprocessing_time": 139.92159962654114,
        "training_time": 652.7190132141113,
        "total_time": 792.6481378078461
      },
      "dataset_info": {
        "total_samples": 4000,
        "target_samples_per_subgenre": 500,
        "segment_duration": 45.0,
        "use_preprocessing": true
      }
    },

    "Dance_EDM": {
      "specialist_info": {
        "target_genre": "Dance_EDM",
        "model_name": "subgenre-specialist-dance_edm-v1.0",
        "architecture": "hybrid",
        "model_path": "models\\dance_EDM\\Dance_EDM\\subgenre-specialist-dance_edm-v1.0.pth",
        "subgenre_classes": [
          "Acid House",
          "Acid Trance",
          "Balearic Trance",
          "Breakbeat",
          "Chicago House",
          "Drum'n'bass",
          "Dubstep",
          "French House",
          "Garage",
          "Grime",
          "Hard Dance",
          "Hi-NRG_Eurodance",
          "House",
          "Jackin House",
          "Progressive House",
          "Progressive Trance",
          "Tech House",
          "Techno",
          "Trance"
        ],
        "num_subgenres": 19
      },
      "training_results": {
        "model_name": "subgenre-specialist-dance_edm-v1.0",
        "architecture": "hybrid",
        "training_samples": 9500,
        "num_classes": 19,
        "classes": [
          "Acid House",
          "Acid Trance",
          "Balearic Trance",
          "Breakbeat",
          "Chicago House",
          "Drum'n'bass",
          "Dubstep",
          "French House",
          "Garage",
          "Grime",
          "Hard Dance",
          "Hi-NRG_Eurodance",
          "House",
          "Jackin House",
          "Progressive House",
          "Progressive Trance",
          "Tech House",
          "Techno",
          "Trance"
        ],
        "num_epochs_trained": 8,
        "training_time": 1243.5513758659363,
        "avg_epoch_time": 155.44392198324203,
        "best_val_loss": 0.6178244753044193,
        "final_train_acc": 80.3157894736842,
        "final_val_acc": 79.6842105263158,
        "train_losses": [
          2.746716404965049,
          2.25241435000771,
          1.724182685425407,
          1.3402889901713322,
          1.0731784712013446,
          0.8584256971980396,
          0.677926322911915,
          0.6184178383413114
        ],
        "val_losses": [
          2.8109767632324156,
          2.078627538280327,
          1.5659912531616307,
          1.1574760958427142,
          0.9661694324317098,
          0.7350680944861985,
          0.6545399597399876,
          0.6178244753044193
        ],
        "train_accuracies": [
          13.157894736842104,
          28.0,
          43.53947368421053,
          54.96052631578947,
          64.51315789473684,
          71.69736842105263,
          78.19736842105263,
          80.3157894736842
        ],
        "val_accuracies": [
          16.0,
          32.0,
          48.421052631578945,
          62.10526315789474,
          67.63157894736842,
          76.57894736842105,
          78.94736842105263,
          79.6842105263158
        ],
        "device": "cuda"
      },
      "timing": {
        "preprocessing_time": 168.88977098464966,
        "training_time": 1247.314903974533,
        "total_time": 1416.2108676433563
      },
      "dataset_info": {
        "total_samples": 9500,
        "target_samples_per_subgenre": 500,
        "segment_duration": 45.0,
        "use_preprocessing": true
      }
    },
    "Electronic": {
      "specialist_info": {
        "target_genre": "Electronic",
        "model_name": "subgenre-specialist-electronic-v1.0",
        "architecture": "hybrid",
        "model_path": "models\\dance_EDM\\Electronic\\subgenre-specialist-electronic-v1.0.pth",
        "subgenre_classes": [
          "2-Step",
          "Ambient",
          "Balearic",
          "Downtempo",
          "Electro",
          "Electronica",
          "Experimental",
          "New Age"
        ],
        "num_subgenres": 8
      },
      "training_results": {
        "model_name": "subgenre-specialist-electronic-v1.0",
        "architecture": "hybrid",
        "training_samples": 4000,
        "num_classes": 8,
        "classes": [
          "2-Step",
          "Ambient",
          "Balearic",
          "Downtempo",
          "Electro",
          "Electronica",
          "Experimental",
          "New Age"
        ],
        "num_epochs_trained": 8,
        "training_time": 686.4640581607819,
        "avg_epoch_time": 85.80800727009773,
        "best_val_loss": 0.5287005760893225,
        "final_train_acc": 82.375,
        "final_val_acc": 82.875,
        "train_losses": [
          1.8653866004943849,
          1.6344251108169556,
          1.426219630241394,
          1.1618496727943421,
          0.9358681058883667,
          0.7339590185880661,
          0.5924027430266142,
          0.5183417772129179
        ],
        "val_losses": [
          1.621254375576973,
          1.6307256865501403,
          1.651629569530487,
          0.9835736894607544,
          0.9458717705309391,
          0.6348785682767629,
          0.5323727276176214,
          0.5287005760893225
        ],
        "train_accuracies": [
          28.8125,
          37.0625,
          47.90625,
          58.4375,
          67.53125,
          75.0,
          80.3125,
          82.375
        ],
        "val_accuracies": [
          40.875,
          39.625,
          38.625,
          63.75,
          66.125,
          78.25,
          82.375,
          82.875
        ],