{
  "model_name": "music-v1.0",
  "training_mode": "both",
  "training_samples": 1518,
  "n_features": 58,
  "use_gpu": true,
  "max_workers": 16,
  "genre_training_samples": 1214,
  "genre_test_samples": 304,
  "genre_n_classes": 5,
  "genre_classes": [
    "Alternative",
    "Country",
    "Dance_EDM",
    "Electronic",
    "French Pop"
  ],
  "genre_train_accuracy": 0.9266886326194399,
  "genre_test_accuracy": 0.7368421052631579,
  "genre_cv_mean": 0.6952147740026529,
  "genre_cv_std": 0.02847160316940535,
  "genre_classification_report": {
    "Alternative": {
      "precision": 0.7804878048780488,
      "recall": 0.8421052631578947,
      "f1-score": 0.810126582278481,
      "support": 76.0
    },
    "Country": {
      "precision": 0.6944444444444444,
      "recall": 0.8333333333333334,
      "f1-score": 0.7575757575757576,
      "support": 30.0
    },
    "Dance_EDM": {
      "precision": 0.75,
      "recall": 0.8661971830985915,
      "f1-score": 0.803921568627451,
      "support": 142.0
    },
    "Electronic": {
      "precision": 0.5454545454545454,
      "recall": 0.22641509433962265,
      "f1-score": 0.32,
      "support": 53.0
    },
    "French Pop": {
      "precision": 0.0,
      "recall": 0.0,
      "f1-score": 0.0,
      "support": 3.0
    },
    "accuracy": 0.7368421052631579,
    "macro avg": {
      "precision": 0.5540773589554078,
      "recall": 0.5536101747858885,
      "f1-score": 0.5383247816963379,
      "support": 304.0
    },
    "weighted avg": {
      "precision": 0.7090772941222235,
      "recall": 0.7368421052631579,
      "f1-score": 0.7085978806761031,
      "support": 304.0
    }
  },
  "genre_confusion_matrix": [
    [
      64,
      8,
      3,
      1,
      0
    ],
    [
      4,
      25,
      0,
      1,
      0
    ],
    [
      11,
      1,
      123,
      7,
      0
    ],
    [
      3,
      2,
      36,
      12,
      0
    ],
    [
      0,
      0,
      2,
      1,
      0
    ]
  ],
  "genre_feature_importance": [
    0.1903503779440886,
    0.11364146837712173,
    0.1129283518095281,
    0.10062970081993203,
    0.09877860377164051,
    0.08003154169548368,
    0.07776209988775651,
    0.06265462873718869,
    0.08961212587587235,
    0.07361110108138781
  ],
  "genre_best_params": {
    "n_estimators": 100,
    "max_depth": 15,
    "min_samples_split": 8,
    "min_samples_leaf": 1,
    "min_weight_fraction_leaf": 0.0,
    "max_features": "sqrt",
    "random_state": 42,
    "n_jobs": 16,
    "bootstrap": true,
    "oob_score": true,
    "class_weight": "balanced"
  },
  "genre_hyperparameter_optimization": true,
  "subgenre_training_samples": 1214,
  "subgenre_test_samples": 304,
  "subgenre_n_classes": 33,
  "subgenre_classes": [
    "2-Step",
    "Acid House",
    "Alternative Rock",
    "Ambient",
    "Americana",
    "Balearic",
    "Balearic Trance",
    "Bluegrass",
    "Breakbeat",
    "Chicago House",
    "Downtempo",
    "Dubstep",
    "Electro",
    "Electronica",
    "French House",
    "Garage",
    "Grunge",
    "Hard Dance",
    "Hard Rock",
    "Hi-NRG_Eurodance",
    "House",
    "Indie Rock",
    "Jackin House",
    "New Wave",
    "Progressive House",
    "Progressive Rock",
    "Progressive Trance",
    "Punk",
    "Shoegaze",
    "Tech House",
    "Techno",
    "Traditional Country",
    "Trance"
  ],
  "subgenre_train_accuracy": 0.8163097199341022,
  "subgenre_test_accuracy": 0.3881578947368421,
  "subgenre_cv_mean": 0.3393803353399313,
  "subgenre_cv_std": 0.0154424799826631,
  "subgenre_classification_report": {
    "2-Step": {
      "precision": 0.35294117647058826,
      "recall": 0.6,
      "f1-score": 0.4444444444444444,
      "support": 10.0
    },
    "Acid House": {
      "precision": 0.7142857142857143,
      "recall": 0.5,
      "f1-score": 0.5882352941176471,
      "support": 10.0
    },
    "Alternative Rock": {
      "precision": 0.6666666666666666,
      "recall": 0.2,
      "f1-score": 0.3076923076923077,
      "support": 10.0
    },
    "Ambient": {
      "precision": 0.4,
      "recall": 0.75,
      "f1-score": 0.5217391304347826,
      "support": 8.0
    },
    "Americana": {
      "precision": 0.18181818181818182,
      "recall": 0.2,
      "f1-score": 0.19047619047619047,
      "support": 10.0
    },
    "Balearic": {
      "precision": 0.6666666666666666,
      "recall": 0.2,
      "f1-score": 0.3076923076923077,
      "support": 10.0
    },
    "Balearic Trance": {
      "precision": 0.375,
      "recall": 0.3333333333333333,
      "f1-score": 0.35294117647058826,
      "support": 9.0
    },
    "Bluegrass": {
      "precision": 0.6,
      "recall": 0.9,
      "f1-score": 0.72,
      "support": 10.0
    },
    "Breakbeat": {
      "precision": 0.2222222222222222,
      "recall": 0.2222222222222222,
      "f1-score": 0.2222222222222222,
      "support": 9.0
    },
    "Chicago House": {
      "precision": 0.0,
      "recall": 0.0,
      "f1-score": 0.0,
      "support": 4.0
    },
    "Downtempo": {
      "precision": 0.4444444444444444,
      "recall": 0.5,
      "f1-score": 0.47058823529411764,
      "support": 8.0
    },
    "Dubstep": {
      "precision": 0.7142857142857143,
      "recall": 0.5,
      "f1-score": 0.5882352941176471,
      "support": 10.0
    },
    "Electro": {
      "precision": 0.1,
      "recall": 0.125,
      "f1-score": 0.1111111111111111,
      "support": 8.0
    },
    "Electronica": {
      "precision": 0.0,
      "recall": 0.0,
      "f1-score": 0.0,
      "support": 8.0
    },
    "French House": {
      "precision": 0.0,
      "recall": 0.0,
      "f1-score": 0.0,
      "support": 13.0
    },
    "Garage": {
      "precision": 0.3333333333333333,
      "recall": 0.125,
      "f1-score": 0.18181818181818182,
      "support": 8.0
    },
    "Grunge": {
      "precision": 0.16666666666666666,
      "recall": 0.1,
      "f1-score": 0.125,
      "support": 10.0
    },
    "Hard Dance": {
      "precision": 0.6666666666666666,
      "recall": 1.0,
      "f1-score": 0.8,
      "support": 10.0
    },
    "Hard Rock": {
      "precision": 0.1111111111111111,
      "recall": 0.1,
      "f1-score": 0.10526315789473684,
      "support": 10.0
    },
    "Hi-NRG_Eurodance": {
      "precision": 0.2857142857142857,
      "recall": 0.4,
      "f1-score": 0.3333333333333333,
      "support": 10.0
    },
    "House": {
      "precision": 0.35294117647058826,
      "recall": 0.6,
      "f1-score": 0.4444444444444444,
      "support": 10.0
    },
    "Indie Rock": {
      "precision": 0.14285714285714285,
      "recall": 0.1,
      "f1-score": 0.11764705882352941,
      "support": 10.0
    },
    "Jackin House": {
      "precision": 0.6363636363636364,
      "recall": 0.7,
      "f1-score": 0.6666666666666666,
      "support": 10.0
    },
    "New Wave": {
      "precision": 0.2857142857142857,
      "recall": 0.2222222222222222,
      "f1-score": 0.25,
      "support": 9.0
    },
    "Progressive House": {
      "precision": 0.5263157894736842,
      "recall": 1.0,
      "f1-score": 0.6896551724137931,
      "support": 10.0
    },
    "Progressive Rock": {
      "precision": 0.625,
      "recall": 0.7142857142857143,
      "f1-score": 0.6666666666666666,
      "support": 7.0
    },
    "Progressive Trance": {
      "precision": 0.0,
      "recall": 0.0,
      "f1-score": 0.0,
      "support": 6.0
    },
    "Punk": {
      "precision": 0.4444444444444444,
      "recall": 0.8,
      "f1-score": 0.5714285714285714,
      "support": 10.0
    },
    "Shoegaze": {
      "precision": 0.4,
      "recall": 0.4,
      "f1-score": 0.4,
      "support": 10.0
    },
    "Tech House": {
      "precision": 0.42857142857142855,
      "recall": 0.6,
      "f1-score": 0.5,
      "support": 10.0
    },
    "Techno": {
      "precision": 0.0,
      "recall": 0.0,
      "f1-score": 0.0,
      "support": 9.0
    },
    "Traditional Country": {
      "precision": 0.2857142857142857,
      "recall": 0.4,
      "f1-score": 0.3333333333333333,